"protocol_id","game_id","attendance","t_s_2m_a","t_s_2a_a","t_s_3m_a","t_s_3a_a","t_s_fgm_a","t_s_fga_a","t_s_1m_a","t_s_1a_a","t_s_ro_a","t_s_rd_a","t_s_rt_a","t_s_as_a","t_s_pf_cm_a","t_s_pf_rv_a","t_s_to_a","t_s_st_a","t_s_bl_fv_a","t_s_bl_ag_a","t_s_eq_a","t_s_pts_a","t_s_2m_b","t_s_2a_b","t_s_3m_b","t_s_3a_b","t_s_fgm_b","t_s_fga_b","t_s_1m_b","t_s_1a_b","t_s_ro_b","t_s_rd_b","t_s_rt_b","t_s_as_b","t_s_pf_cm_b","t_s_pf_rv_b","t_s_to_b","t_s_st_b","t_s_bl_fv_b","t_s_bl_ag_b","t_s_eq_b","t_s_pts_b","s_ro_a","s_rd_a","s_rt_a","s_as_a","s_pf_cm_a","s_pf_rv_a","s_to_a","s_st_a","s_bl_fv_a","s_bl_ag_a","s_eq_a","s_ro_b","s_rd_b","s_rt_b","s_as_b","s_pf_cm_b","s_pf_rv_b","s_to_b","s_st_b","s_bl_fv_b","s_bl_ag_b","s_eq_b"
"4465547","2766371","1750","13","44","9","25","22","69","14","23","16","28","44","8","17","0","11","4","0","6","56","67","29","46","3","19","32","65","11","15","5","32","37","13","22","0","11","8","3","0","91","78","2","2","4","0","0",NULL,"0","0","0",NULL,"4","1","3","4","0","0",NULL,"1","1","0",NULL,"4"
"4465449","2766381","1000","32","55","7","17","39","72","15","22","6","25","31","19","22","0","9","6","0","0","107","100","23","34","10","27","33","61","13","18","3","20","23","4","21","0","11","1","0","0","73","89","0","0","0","0","0",NULL,"0","0","0",NULL,"0","0","0","0","0","0",NULL,"0","0","0",NULL,"0"
"4464829","2766391","350","23","39","6","21","29","60","6","9","4","25","29","17","25","0","18","4","0","2","68","70","26","49","4","12","30","61","19","25","4","26","30","11","15","0","12","9","4","0","88","83","0","0","0","0","0",NULL,"0","0","0",NULL,"0","0","0","0","0","0",NULL,"0","0","0",NULL,"0"
"4465237","2766401","1550","17","36","5","15","22","51","13","20","7","26","33","16","23","0","17","10","3","0","71","62","7","22","10","23","17","45","17","22","6","24","30","16","21","0","18","12","1","0","69","61","0","2","2","3","0","0","0","2","0","0","7","1","0","1","7","0","0","0","4","0","0","12"
"4464641","2766411","500","23","37","6","16","29","53","15","18","9","18","27","15","25","0","17","11","2","1","90","79","16","24","4","23","20","47","20","24","4","11","15","9","20","0","14","7","1","2","51","64","0","1","1","0","0","0","2","0","0","0","-1","1","1","2","0","0","0","1","0","0","0","1"
"4468225","2766431","700","20","39","5","18","25","57","27","30","9","22","31","14","24","0","13","4","0","0","83","82","20","40","10","25","30","65","19","25","11","22","33","10","24","0","8","9","0","0","92","89","0","4","4","0","0","0","1","0","0","0","3","0","2","2","0","1","0","0","0","0","0","2"
"4467731","2766441","800","17","42","9","18","26","60","5","8","9","23","32","13","20","0","10","3","6","0","73","66","19","40","7","20","26","60","14","19","12","22","34","6","12","0","8","4","1","0","71","73","2","2","4","0","0","0","1","0","0","0","3","0","1","1","0","0","0","0","0","0","0","1"
"4467933","2766451","250","21","36","12","24","33","60","25","38","4","18","22","22","27","0","12","11","0","4","106","103","29","54","7","13","36","67","20","29","12","22","34","18","25","0","16","5","2","0","102","99","0","0","0","0","0",NULL,"1","0","0",NULL,"-1","0","0","0","0","0",NULL,"0","0","0",NULL,"0"
"4466977","2766461","750","23","41","11","31","34","72","20","22","16","28","44","12","21","0","12","8","1","1","112","99","19","40","6","27","25","67","16","19","13","22","35","9","22","0","14","5","1","1","63","72","2","1","3","0","0","0","1","0","0","0","2","4","2","6","0","0","0","1","0","0","0","5"
"4466925","2766471","500","29","52","7","22","36","74","11","15","15","14","29","22","22","0","13","14","1","2","101","90","25","34","7","18","32","52","15","18","6","20","26","13","21","0","26","7","2","1","85","86","0","0","0","0","0","0","0","0","0","0","0","0","1","1","0","0","0","0","0","0","0","1"
"4470885","2766491","400","33","55","4","15","37","70","18","29","18","21","39","13","18","0","13","8","0","1","99","96","28","41","9","22","37","63","7","11","5","20","25","24","26","0","17","5","1","0","98","90","1","3","4","0","1","0","1","0","0","0","3","1","2","3","0","1","0","0","0","0","0","3"
"4470889","2766501","850","14","29","6","18","20","47","18","20","7","19","26","15","25","0","13","4","3","2","70","64","26","42","6","17","32","59","15","23","13","20","33","17","20","0","9","5","2","3","98","85","2","1","3","0","0","0","0","0","0","0","3","3","1","4","0","0","0","1","0","0","0","3"
"4470801","2766511","250","14","34","12","28","26","62","14","18","8","34","42","14","19","0","13","2","6","2","89","78","16","47","11","27","27","74","7","10","7","28","35","11","20","0","12","3","1","10","60","72","0","0","0","0","0",NULL,"0","0","0",NULL,"0","0","0","0","0","0",NULL,"0","0","0",NULL,"0"
"4470803","2766521","1200","22","37","10","31","32","68","9","14","11","25","36","13","27","0","10","2","3","0","86","83","18","35","8","26","26","61","26","34","13","25","38","13","18","0","6","5","0","1","93","86","0","1","1","0","0","0","0","0","0","0","1","2","4","6","0","0","0","1","0","0","0","5"
"4471301","2766541","900","22","55","8","18","30","73","5","9","17","24","41","19","24","0","11","3","3","0","81","73","17","39","6","13","23","52","25","31","6","26","32","9","17","0","9","7","1","0","82","77","3","0","3","0","0","0","0","0","0","0","3","0","5","5","0","0","0","0","0","0","0","5"
"4473389","2766551","600","38","62","2","12","40","74","24","31","21","33","54","23","13","0","10","13","5","0","150","106","15","32","7","22","22","54","6","8","4","17","21","12","25","0","14","8","2","0","52","57","2","3","5","0","0",NULL,"0","0","0",NULL,"5","3","3","6","0","0",NULL,"0","2","0",NULL,"8"
"4474751","2766561","600","23","44","7","23","30","67","5","8","12","20","32","18","17","0","6","1","3","1","80","72","26","52","6","17","32","69","11","13","19","24","43","15","16","0","6","1","1","3","96","81","1","1","2","0","0","0","0","0","0","0","2","0","2","2","0","0","0","0","0","0","0","2"
"4474445","2766571","200","24","49","10","26","34","75","13","17","20","24","44","17","28","0","8","3","2","0","104","91","18","47","5","11","23","58","27","39","13","18","31","9","21","0","12","3","1","0","63","78","0","0","0","0","0","0","0","0","0","0","0","0","0","0","0","0","0","0","0","0","0","0"
"4474641","2766581","100","18","34","8","18","26","52","9","13","3","20","23","18","20","0","18","4","1","0","67","69","26","43","4","18","30","61","16","25","12","23","35","19","18","0","10","9","1","0","94","80","0","0","0","0","0",NULL,"0","0","0",NULL,"0","2","0","2","0","0",NULL,"0","1","0",NULL,"3"
"4473331","2766591","500","29","54","5","14","34","68","9","17","12","29","41","18","8","0","18","15","2","1","98","82","22","44","3","19","25","63","5","11","11","26","37","13","17","0","23","8","1","2","50","58","1","1","2","0","0","0","0","0","0","0","2","0","2","2","0","0","0","2","0","0","0","0"
"4475331","2766611","800","17","28","7","25","24","53","11","16","3","21","24","10","21","0","10","3","2","0","61","66","20","41","6","20","26","61","13","15","10","24","34","10","19","0","6","5","0","2","77","71","0","0","0","0","0","0","1","0","0","0","-1","0","1","1","0","0","0","0","0","0","0","1"
"4475573","2766621","850","28","45","8","21","36","66","12","17","14","24","38","20","16","0","9","9","6","1","121","92","25","61","5","12","30","73","11","15","18","18","36","14","22","0","14","3","1","6","69","76","4","3","7","0","0",NULL,"0","0","0",NULL,"7","4","1","5","0","0",NULL,"0","0","0",NULL,"5"
"4475483","2766631","450","19","38","6","16","25","54","12","12","7","18","25","18","20","0","22","5","7","1","72","68","30","43","6","14","36","57","17","23","7","21","28","20","16","0","12","17","2","2","123","95","0","0","0","0","0",NULL,"0","0","0",NULL,"0","0","0","0","0","0",NULL,"0","0","0",NULL,"0"
"4475485","2766641","600","23","51","7","16","30","67","8","11","10","33","43","15","16","0","12","9","1","3","91","75","15","43","8","28","23","71","6","9","15","28","43","6","17","0","14","7","3","1","54","60","2","1","3","0","0","0","0","0","0","0","3","3","2","5","0","0","0","1","0","0","0","4"
"4475493","2766651","500","18","39","8","22","26","61","10","22","9","22","31","13","20","0","15","5","3","0","60","70","19","40","6","24","25","64","25","27","15","27","42","10","21","0","14","9","1","0","88","81","2","2","4","0","0","0","0","0","0","0","4","0","0","0","0","0","0","0","0","0","0","0"
"4476813","2766681","450","15","35","6","32","21","67","11","14","17","22","39","10","20","0","14","8","0","0","53","59","19","37","7","18","26","55","10","12","9","27","36","13","18","0","15","5","0","0","77","69","2","2","4","0","0","0","1","0","0","0","3","1","2","3","0","0","0","0","0","0","0","3"
"4476921","2766691","250","44","63","1","9","45","72","13","14","10","25","35","14","19","0","11","8","2","5","124","104","24","40","7","26","31","66","10","14","7","8","15","9","11","0","7","4","5","2","66","79","1","1","2","0","0","0","0","2","0","0","4","0","0","0","0","0","0","1","0","0","0","-1"
"4474969","2766701","250","18","31","12","27","30","58","17","19","11","14","25","20","20","0","20","17","0","1","101","89","24","37","5","17","29","54","6","8","9","15","24","13","22","0","24","6","1","0","62","69","3","2","5","0","0","0","1","0","0","0","4","0","0","0","0","0","0","0","0","0","0","0"
"4477251","2766711","1000","19","37","5","27","24","64","17","20","12","23","35","9","24","0","16","8","1","3","64","70","24","43","6","22","30","65","11","13","12","27","39","13","22","0","15","8","3","1","88","77","3","2","5","0","0","0","1","0","0","0","4","0","1","1","0","1","0","1","0","0","0","0"
"4506271","2766721","150","15","39","8","24","23","63","15","21","8","23","31","16","26","0","16","8","3","8","65","69","21","45","7","19","28","64","17","27","14","25","39","15","18","0","20","7","8","3","83","80","0","2","2","0","1","0","0","0","0","0","2","4","1","5","0","0","0","1","0","0","0","4"
"4480397","2766731","400","15","42","5","24","20","66","13","18","13","24","37","12","19","0","12","6","3","0","53","58","22","46","5","15","27","61","22","27","11","31","42","11","15","0","11","6","3","0","93","81","1","3","4","0","0","0","0","0","0","0","4","0","4","4","0","0","0","0","0","0","0","4"
"4479451","2766741","650","29","46","6","18","35","64","17","23","8","28","36","20","15","0","6","8","3","5","119","93","24","44","5","20","29","64","11","17","9","21","30","17","20","0","12","3","5","3","76","74","1","2","3","0","0",NULL,"0","0","0",NULL,"3","3","1","4","0","0",NULL,"0","0","0",NULL,"4"
"4481559","2766751","1200","23","41","10","28","33","69","21","32","18","28","46","17","25","0","16","7","3","2","107","97","25","53","2","16","27","69","22","31","16","18","34","8","24","0","11","9","2","3","69","78","1","1","2","2","0",NULL,"0","1","0",NULL,"5","1","2","3","1","0",NULL,"1","1","0",NULL,"4"
"4480981","2766771","800","26","52","5","20","31","72","16","26","17","20","37","11","23","0","9","15","1","0","87","83","14","27","8","28","22","55","20","23","12","27","39","12","21","0","22","5","0","1","70","72","3","2","5","0","0","0","0","0","0","0","5","0","3","3","0","0","0","2","0","0","0","1"
"4480371","2766781","600","20","39","7","19","27","58","17","19","10","28","38","18","13","0","14","9","2","0","98","78","11","27","8","27","19","54","12","16","6","22","28","12","21","0","16","6","0","2","49","58","1","3","4","0","0","0","1","0","0","0","3","3","3","6","0","0","0","1","0","0","0","5"
"4482825","2766791","600","22","51","2","14","24","65","13","19","14","22","36","18","21","0","10","7","3","0","70","63","23","43","7","16","30","59","18","29","11","27","38","14","20","0","10","8","0","0","95","85","0","1","1","0","0","0","0","2","0","0","3","1","0","1","0","0","0","0","2","0","0","3"
"4483715","2766801","1400","25","42","7","20","32","62","16","20","9","23","32","19","17","0","10","8","1","1","103","87","20","36","7","22","27","58","9","12","6","24","30","12","18","0","17","6","1","1","68","70","0","3","3","0","0","0","1","0","0","0","2","1","4","5","0","0","0","1","0","0","0","4"
"4484351","2766821","650","20","36","10","20","30","56","11","14","6","15","21","19","25","0","15","7","2","0","86","81","28","47","7","17","35","64","15","21","15","20","35","13","21","0","11","3","1","0","98","92","1","0","1","0","0","0","0","0","0","0","1","1","0","1","0","1","0","0","0","0","0","1"
"4465557","2766831","300","24","46","6","22","30","68","21","30","12","15","27","15","22","0","14","18","3","5","89","87","30","47","4","9","34","56","12","15","3","23","26","19","27","0","24","5","5","3","90","84","0","0","0","0","0","0","1","0","0","0","-1","0","0","0","0","0","0","1","0","0","0","-1"
"4483827","2766841","150","13","31","6","20","19","51","23","30","6","22","28","13","21","0","22","5","1","2","53","67","23","47","6","18","29","65","18","25","14","21","35","18","23","0","15","9","2","1","88","82","0","0","0","0","0","0","1","0","0","0","-1","0","0","0","0","0","0","1","0","0","0","-1"
"4487699","2766851","700","20","39","7","29","27","68","8","12","16","27","43","11","17","0","14","10","3","0","77","69","23","54","4","19","27","73","6","10","19","26","45","9","16","0","15","8","0","4","61","64","2","2","4","0","0","0","0","0","0","0","4","1","2","3","0","0","0","1","0","0","0","2"
"4487867","2766861","1500","19","28","6","21","25","49","12","16","4","22","26","11","22","0","20","8","3","1","68","68","25","40","5","16","30","56","14","17","3","20","23","13","21","0","12","10","1","3","85","79","0","3","3","0","0","0","1","1","0","0","3","1","2","3","0","0","0","2","0","0","0","1"
"4487767","2766871","600","28","48","3","18","31","66","11","18","16","22","38","13","20","0","22","12","7","0","82","76","29","52","1","13","30","65","12","16","11","22","33","9","23","0","21","14","1","0","70","73","0","3","3","0","0","0","0","0","0","0","3","3","2","5","0","0","0","0","0","0","0","5"
"4488277","2766891","1000","19","38","11","32","30","70","5","8","12","30","42","20","18","0","12","11","2","2","96","76","14","40","3","19","17","59","11","17","14","24","38","13","14","0","19","6","2","2","40","48","1","1","2","0","0","0","1","0","0","0","1","3","1","4","0","0","0","1","0","0","0","3"
"4487713","2766901","1100","20","40","6","25","26","65","16","18","14","33","47","15","17","0","14","5","2","1","88","74","18","42","8","27","26","69","8","12","11","25","36","8","23","0","12","2","1","2","56","68","2","4","6","0","0","0","1","0","0","0","5","1","0","1","0","0","0","0","0","0","0","1"
"4491443","2766911","500","30","63","6","15","36","78","13","15","14","25","39","18","20","0","9","17","5","2","117","91","19","43","10","22","29","65","13","20","9","26","35","12","20","0","18","7","2","3","76","81","0","2","2","0","0","0","0","3","0","0","5","2","2","4","0","0","0","0","2","0","0","6"
"4491015","2766921","100","26","35","5","20","31","55","14","17","3","15","18","16","20","0","15","5","2","3","80","81","25","41","9","21","34","62","20","25","10","15","25","18","15","0","14","6","3","2","102","97","0","0","0","0","0","0","1","0","0","0","-1","0","0","0","0","0","0","1","0","0","0","-1"
"4490961","2766931","300","26","44","4","16","30","60","15","18","13","18","31","10","22","0","12","11","0","0","86","79","24","40","4","20","28","60","16","21","7","13","20","4","16","0","18","1","0","0","46","76","0","0","0","0","0","0","0","0","0","0","0","0","0","0","0","0","0","0","0","0","0","0"
"4489989","2766941","500","22","38","6","20","28","58","18","26","8","18","26","13","18","0","12","5","3","3","77","80","24","49","13","27","37","76","14","18","16","20","36","13","24","0","8","5","3","3","107","101","0","0","0","0","0","0","3","0","0","0","-3","0","0","0","0","0","0","0","0","0","0","0"
"4489937","2766961","600","17","33","7","21","24","54","21","28","10","30","40","13","27","0","20","10","0","0","82","76","15","41","4","19","19","60","27","35","14","21","35","10","23","0","17","14","0","0","62","69","2","2","4","0","0","0","1","0","0","0","3","1","2","3","0","0","0","0","0","0","0","3"
"4492221","2766971","150","20","45","7","18","27","63","12","21","9","21","30","18","26","0","20","13","2","4","71","73","21","40","8","24","29","64","20","33","14","30","44","14","22","0","20","12","4","2","92","86","1","1","2","0","0","0","0","0","0","0","2","1","3","4","0","0","0","0","0","0","0","4"
"4492033","2766991","700","26","38","13","30","39","68","8","12","15","18","33","21","18","0","21","9","6","0","114","99","29","60","8","11","37","71","12","18","19","14","33","11","15","0","20","9","0","6","87","94","3","3","6","0","0","0","0","0","0","0","6","4","3","7","0","0","0","1","0","0","0","6"
"4492187","2767001","300","31","51","7","21","38","72","19","24","14","35","49","21","14","0","11","4","5","2","131","102","19","50","7","22","26","72","10","12","10","20","30","13","19","0","12","6","2","5","60","69","0","5","5","0","0","0","0","0","0","0","5","4","3","7","0","0","0","0","0","0","0","7"
"4492193","2767011","650","15","36","10","18","25","54","10","13","8","22","30","18","20","0","23","8","7","0","78","70","23","45","8","17","31","62","21","25","10","23","33","11","16","0","14","15","3","0","104","91","1","2","3","0","1","0","0","1","0","0","4","2","2","4","0","0","0","0","5","0","0","9"
"4492189","2767021","1100","22","31","6","22","28","53","25","30","5","22","27","14","22","0","11","5","1","0","93","87","22","34","10","28","32","62","19","26","11","22","33","19","30","0","11","6","0","1","103","93","0","1","1","0","0","0","1","0","0","0","0","1","0","1","0","0","0","1","0","0","0","0"
"4493975","2767031","500","28","51","8","17","36","68","14","17","11","22","33","23","16","0","7","11","4","2","123","94","20","42","4","16","24","58","14","18","9","24","33","12","23","0","16","7","2","4","66","66","0","1","1","0","0","0","0","1","0","0","2","1","3","4","0","0","0","0","1","0","0","5"
"4494503","2767051","400","33","55","3","21","36","76","9","17","16","18","34","9","21","0","18","8","1","4","70","84","30","48","6","18","36","66","17","26","11","16","27","14","18","0","15","8","4","1","94","95","0","1","1","0","0","0","2","0","0","0","-1","1","1","2","0","0","0","0","0","0","0","2"
"4493991","2767061","300","19","40","8","23","27","63","10","17","6","19","25","12","26","0","15","11","4","1","66","72","28","52","4","17","32","69","22","27","14","29","43","11","17","0","15","5","1","4","93","90","0","0","0","0","0",NULL,"2","0","0",NULL,"-2","0","0","0","0","0",NULL,"0","0","0",NULL,"0"
"4494013","2767071","1750","21","46","3","19","24","65","27","34","12","29","41","10","18","0","11","4","4","2","78","78","19","46","9","30","28","76","9","14","17","31","48","17","28","0","12","7","2","4","83","74","2","1","3","0","0","0","1","0","0","0","2","1","3","4","0","0","0","0","3","0","0","7"
"4519019","2767081","800","22","41","11","22","33","63","22","25","8","20","28","21","25","0","8","6","2","3","115","99","19","30","8","24","27","54","25","28","8","20","28","16","18","0","12","4","2","2","95","87","0","1","1","0","0","0","0","0","0","0","1","0","2","2","0","1","0","0","0","0","0","2"
"4506643","2767091","600","25","47","6","16","31","63","11","14","7","29","36","24","24","0","10","5","5","2","104","79","15","46","6","21","21","67","19","30","16","20","36","13","18","0","11","5","2","4","55","67","0","1","1","0","1","0","1","0","0","0","0","1","2","3","0","0","0","0","1","0","0","4"
"4506079","2767101","1100","22","36","12","25","34","61","17","19","8","30","38","16","15","0","16","3","2","0","111","97","26","53","6","17","32","70","12","15","7","17","24","10","18","0","8","11","0","2","78","82","1","2","3","0","0","0","1","0","0","0","2","1","2","3","0","0","0","0","0","0","0","3"
"4506101","2767111","500","43","59","6","17","49","76","8","14","12","33","45","26","17","0","10","9","1","1","150","112","17","33","10","32","27","65","9","14","8","18","26","13","19","0","18","7","1","1","59","73","1","2","3","0","0","0","0","0","0","0","3","1","1","2","0","0","0","0","0","0","0","2"
"4506099","2767121","700","17","37","5","17","22","54","12","28","16","20","36","4","22","0","19","6","2","3","42","61","28","49","4","10","32","59","9","17","9","21","30","15","23","0","15","7","3","2","82","77","0","2","2","0","1","0","2","0","0","0","0","1","3","4","0","0","0","1","0","0","0","3"
"4509787","2767131","100","20","35","7","23","27","58","12","15","7","24","31","14","26","0","12","3","1","1","76","73","24","41","5","17","29","58","19","27","7","22","29","19","20","0","9","7","1","1","92","82","0","2","2","0","1","0","0","0","0","0","2","0","4","4","0","0","0","0","1","0","0","5"
"4508413","2767151","550","18","33","5","14","23","47","14","17","6","24","30","11","18","0","17","12","7","1","81","65","14","36","10","27","24","63","11","12","13","19","32","19","17","0","14","12","1","6","79","69","0","0","0","0","0","0","1","1","0","0","0","2","1","3","0","0","0","0","1","0","0","4"
"4508023","2767161","500","19","40","9","26","28","66","14","18","13","22","35","13","17","0","10","11","1","1","87","79","16","37","6","23","22","60","19","22","16","26","42","7","19","0","19","4","1","1","63","69","0","3","3","0","0","0","1","0","0","0","2","2","0","2","0","0","0","1","0","0","0","1"
"4508025","2767171","350","26","49","7","16","33","65","21","30","17","27","44","20","21","0","13","11","2","1","117","94","14","28","12","32","26","60","10","20","5","21","26","7","20","0","17","6","1","2","53","74","0","0","0","0","0","0","0","0","0","0","0","0","0","0","0","0","0","0","0","0","0","0"
"4508027","2767181","300","22","38","7","24","29","62","14","15","2","18","20","16","16","0","10","5","2","2","78","79","29","48","9","22","38","70","11","16","9","27","36","18","17","0","12","2","2","2","105","96","0","0","0","0","0","0","2","0","0","0","-2","0","0","0","0","0","0","1","0","0","0","-1"
"4508363","2767191","1850","24","44","4","19","28","63","15","21","10","30","40","15","18","0","19","14","2","3","86","75","21","38","4","20","25","58","10","14","4","27","31","7","20","0","20","11","3","2","59","64","1","3","4","1","0","0","0","0","0","0","5","0","5","5","1","0","0","1","1","0","0","6"
"4508953","2767211","600","23","41","11","24","34","65","13","15","11","24","35","22","21","0","13","11","6","1","120","92","25","48","4","16","29","64","16","24","13","18","31","15","15","0","17","8","1","6","73","78","0","0","0","0","0","0","0","2","0","0","2","0","2","2","0","0","0","0","2","0","0","4"
"4508977","2767221","450","21","38","7","17","28","55","17","23","9","16","25","18","19","0","10","9","1","0","90","80","28","42","9","14","37","56","6","14","9","20","29","23","21","0","12","4","0","1","106","89","0","0","0","0","0","0","0","1","0","0","1","3","1","4","0","0","0","1","0","0","0","3"
"4508971","2767231","150","26","42","17","31","43","73","12","14","6","37","43","28","22","0","7","4","0","2","151","115","18","46","2","21","20","67","23","27","11","19","30","6","17","0","6","5","2","0","51","65","0","0","0","0","0","0","0","0","0","0","0","0","0","0","0","0","0","0","0","0","0","0"
"4508975","2767241","1500","22","35","14","27","36","62","14","19","7","28","35","18","24","0","12","0","1","3","111","100","18","44","9","22","27","66","24","32","14","19","33","9","20","0","9","6","3","1","82","87","0","2","2","0","0","0","3","0","0","0","-1","2","0","2","0","0","0","0","0","0","0","2"
"4508935","2767261","600","25","50","10","24","35","74","10","13","14","18","32","12","21","0","10","8","1","6","91","90","31","54","5","15","36","69","19","25","15","26","41","16","18","0","12","4","6","1","112","96","5","2","7","0","1","0","0","0","0","0","7","1","3","4","0","0","0","2","0","0","0","2"
"4509287","2767271","350","13","38","14","29","27","67","15","17","5","22","27","13","21","0","11","7","1","3","78","83","25","43","7","21","32","64","21","25","10","27","37","14","18","0","11","2","3","1","101","92","0","0","0","0","0",NULL,"2","0","0",NULL,"-2","0","0","0","0","0",NULL,"0","0","0",NULL,"0"
"4509305","2767281","850","19","46","10","20","29","66","11","20","10","27","37","16","14","0","7","10","5","2","94","79","20","40","6","23","26","63","10","14","11","32","43","13","14","0","16","2","2","5","71","68","4","2","6","0","0","0","0","0","0","0","6","1","1","2","0","0","0","1","0","0","0","1"
"4509283","2767291","400","26","45","4","11","30","56","10","16","7","15","22","11","19","0","13","4","1","3","67","74","22","36","11","23","33","59","12","16","9","19","28","20","21","0","12","8","3","1","106","89","1","2","3","0","1","0","0","0","0","0","3","1","6","7","0","0","0","2","0","0","0","5"
"4509279","2767301","1300","29","48","7","22","36","70","15","23","14","19","33","18","16","0","11","13","1","2","106","94","15","32","13","28","28","60","8","13","9","19","28","14","21","0","21","4","2","1","67","77","0","0","0","0","0","0","1","0","0","0","-1","0","1","1","0","0","0","0","0","0","0","1"
"4509281","2767311","700","20","43","10","31","30","74","8","9","17","20","37","14","17","0","12","5","3","0","80","78","24","46","8","21","32","67","17","19","12","21","33","12","13","0","7","7","1","0","98","89","1","2","3","0","0","0","0","0","0","0","3","1","1","2","0","0","0","0","0","0","0","2"
"4510265","2767331","700","19","37","7","21","26","58","15","17","10","33","43","21","17","0","16","5","2","0","95","74","18","40","5","21","23","61","11","12","6","18","24","14","17","0","11","10","2","0","62","62","0","0","0","0","0","0","0","0","0","0","0","0","0","0","0","0","0","0","1","0","0","1"
"4510465","2767341","350","22","54","7","16","29","70","10","13","14","23","37","7","22","0","13","9","1","0","72","75","19","38","7","15","26","53","14","21","6","21","27","10","18","0","16","6","0","1","66","73","1","0","1","0","0","0","0","0","0","0","1","0","0","0","0","0","0","1","0","0","0","-1"
"4510373","2767351","250","37","53","3","15","40","68","17","23","10","27","37","20","18","0","13","14","4","2","128","100","25","51","8","19","33","70","12","16","9","22","31","19","20","0","16","8","2","4","89","86","3","1","4","0","0","0","0","1","0","0","5","0","2","2","0","0","0","2","0","0","0","0"
"4510261","2767361","800","26","45","9","24","35","69","11","14","12","28","40","17","21","0","10","8","3","3","111","90","16","41","7","26","23","67","12","20","20","23","43","14","16","0","16","7","3","3","64","65","2","3","5","0","1","0","0","0","0","0","5","7","2","9","0","0","0","1","0","0","0","8"
"4510213","2767371","1200","21","46","10","27","31","73","8","11","11","37","48","19","22","0","14","6","4","3","98","80","19","44","5","22","24","66","16","21","9","30","39","15","16","0","13","8","3","4","74","69","1","6","7","0","0","0","0","0","0","0","7","1","3","4","0","0","0","0","0","0","0","4"
"4511105","2767401","850","24","49","6","20","30","69","17","21","10","27","37","12","18","0","12","12","1","2","90","83","17","40","15","29","32","69","6","13","12","28","40","13","20","0","19","7","2","1","84","85","2","3","5","0","0","0","0","0","0","0","5","4","7","11","0","1","0","0","0","0","0","11"
"4511085","2767411","250","20","40","9","26","29","66","7","9","8","26","34","20","20","0","13","4","4","0","84","74","39","66","3","13","42","79","8","12","12","27","39","19","15","0","9","10","0","2","113","95","0","0","0","0","0",NULL,"0","0","0",NULL,"0","0","0","0","0","0",NULL,"0","0","0",NULL,"0"
"4511089","2767421","1800","30","44","4","16","34","60","19","21","6","24","30","15","23","0","12","13","2","0","111","91","22","41","1","17","23","58","14","23","11","19","30","11","20","0","17","9","0","2","50","61","2","0","2","0","0","0","0","1","0","0","3","2","2","4","0","0","0","0","1","0","0","5"
"4511099","2767431","700","20","39","14","27","34","66","14","19","13","28","41","24","16","0","12","7","2","2","121","96","20","46","6","14","26","60","16","19","8","22","30","14","18","0","15","5","2","2","73","74","1","0","1","0","0","0","2","0","0","0","-1","1","2","3","0","0","0","0","0","0","0","3"
"4511101","2767441","700","26","57","3","13","29","70","13","20","14","29","43","6","24","0","19","5","4","0","65","74","19","46","6","15","25","61","27","29","7","26","33","11","19","0","15","5","2","0","81","83","1","2","3","0","0","0","0","0","0","0","3","2","2","4","0","0","0","0","0","0","0","4"
"4512397","2767451","600","27","40","10","35","37","75","9","13","10","24","34","28","21","0","8","13","2","1","120","93","21","43","3","19","24","62","21","30","14","28","42","9","14","0","15","7","1","2","69","72","0","1","1","0","0","0","0","3","0","0","4","4","3","7","0","0","0","1","0","0","0","6"
"4512409","2767461","250","22","44","3","20","25","64","15","23","8","21","29","12","11","0","14","3","2","2","53","68","28","49","7","20","35","69","11","12","10","28","38","24","19","0","16","8","4","2","111","88","0","0","0","0","0",NULL,"0","0","0",NULL,"0","0","0","0","0","0",NULL,"0","1","0",NULL,"1"
"4512465","2767471","350","27","50","4","16","31","66","9","14","12","23","35","17","22","0","17","9","3","2","82","75","28","51","8","25","36","76","20","26","19","25","44","21","12","0","13","10","4","1","120","100","2","1","3","0","1","0","0","0","0","0","3","5","3","8","0","0","0","0","0","0","0","8"
"4512517","2767491","1600","22","45","7","21","29","66","5","6","17","23","40","15","20","0","14","0","2","2","75","70","17","42","9","22","26","64","18","20","14","19","33","11","15","0","8","8","2","2","85","79","5","2","7","0","0","0","1","0","0","0","6","1","1","2","0","0","0","0","0","0","0","2"
"4512467","2767501","200","23","40","8","23","31","63","9","14","8","17","25","12","20","0","14","11","0","3","76","79","23","35","11","23","34","58","10","15","8","25","33","20","21","0","19","7","3","0","104","89","0","2","2","0","0","0","1","0","0","0","1","0","2","2","0","0","0","1","0","0","0","1"
"4515261","2767511","400","13","28","9","27","22","55","7","11","5","19","24","14","18","0","15","6","1","3","53","60","24","42","7","21","31","63","21","23","13","29","42","17","16","0","12","8","3","1","114","90","1","3","4","0","0","0","0","0","0","0","4","2","3","5","0","0","0","1","0","0","0","4"
"4515487","2767521","1000","20","40","6","21","26","61","17","22","11","32","43","14","19","0","10","9","4","1","95","75","17","43","8","29","25","72","8","17","20","25","45","10","21","0","11","5","1","3","60","66","4","1","5","0","0",NULL,"1","0","0",NULL,"4","2","3","5","0","1",NULL,"0","1","0",NULL,"6"
"4515263","2767541","1200","35","50","10","24","45","74","14","17","10","25","35","26","15","0","15","20","3","0","151","114","21","42","6","16","27","58","11","15","5","19","24","11","17","0","25","11","0","0","57","71","1","1","2","0","0","0","0","6","0","0","8","1","1","2","0","0","0","0","3","0","0","5"
"4515293","2767551","700","22","46","6","28","28","74","16","23","20","15","35","12","26","0","11","6","2","0","69","78","25","36","4","13","29","49","19","28","4","25","29","12","21","0","17","7","4","0","87","81","2","0","2","0","0","0","0","0","0","0","2","0","1","1","0","0","0","0","0","0","0","1"
"4514379","2767561","1000","24","45","6","18","30","63","15","23","12","27","39","16","13","0","14","14","3","0","98","81","21","46","6","16","27","62","6","11","8","26","34","11","22","0","16","8","0","3","63","66","1","1","2","0","0","0","0","1","0","0","3","0","2","2","0","0","0","0","0","0","0","2"
"4521519","2767571","1000","18","32","13","27","31","59","11","12","8","28","36","21","20","0","21","7","2","1","102","86","23","44","9","25","32","69","14","19","8","20","28","15","17","0","11","14","1","2","92","87","0","1","1","0","0","0","2","1","0","0","0","2","2","4","0","0","0","1","3","0","0","6"
"4521509","2767581","2000","26","44","8","21","34","65","12","12","7","21","28","14","19","0","9","8","3","3","101","88","23","42","8","22","31","64","12","16","12","23","35","10","18","0","14","7","3","3","86","82","1","3","4","0","0","0","0","4","0","0","8","2","2","4","0","0","0","0","1","0","0","5"
"4522059","2767591","250","20","54","4","14","24","68","16","26","8","24","32","6","22","0","10","8","1","3","51","68","28","46","4","23","32","69","16","20","11","32","43","8","23","0","14","3","3","1","86","84","0","0","0","0","0","0","0","0","0","0","0","0","0","0","0","0","0","0","0","0","0","0"
"4521737","2767611","750","25","36","5","22","30","58","21","26","14","21","35","12","17","0","10","4","0","2","94","86","19","33","9","30","28","63","14","18","15","15","30","13","27","0","11","5","2","0","79","79","3","1","4","0","0","0","1","0","0","0","3","0","2","2","0","0","0","1","0","0","0","1"
"4521671","2767621","200","14","31","9","27","23","58","12","15","9","22","31","13","18","0","14","4","3","2","66","67","30","51","4","15","34","66","16","19","10","23","33","16","17","0","11","7","2","2","100","88","1","1","2","0","0","0","1","0","1","0","2","1","2","3","0","0","0","0","3","0","0","6"
"4525475","2767631","1000","28","47","6","21","34","68","19","25","13","28","41","18","16","0","14","9","4","4","111","93","17","37","15","31","32","68","13","19","10","21","31","19","20","0","12","6","4","4","98","92","2","4","6","0","0","0","2","0","0","0","4","3","4","7","0","0","0","0","0","0","0","7"
"4524355","2767641","550","32","47","6","18","38","65","11","15","13","26","39","27","14","0","15","7","3","1","123","93","20","48","6","21","26","69","16","18","17","16","33","9","17","0","12","7","1","3","67","74","3","0","3","0","0","0","0","0","0","0","3","2","2","4","0","0","0","0","1","0","0","5"
"4525487","2767651","850","28","48","5","15","33","63","17","21","11","23","34","19","20","0","12","6","3","0","104","88","23","52","5","15","28","67","16","24","19","21","40","15","23","0","14","5","0","3","76","77","1","4","5","0","0","0","0","0","0","0","5","3","2","5","0","0","0","0","0","0","0","5"
"4525231","2767661","700","29","51","8","22","37","73","9","14","12","24","36","14","18","0","12","6","5","0","99","91","17","37","13","29","30","66","16","17","7","26","33","11","21","0","11","6","1","0","92","89","0","0","0","0","0","0","0","0","0","0","0","1","0","1","0","0","0","0","0","0","0","1"
"4524319","2767681","1000","22","41","6","13","28","54","17","23","13","23","36","15","15","0","17","8","1","0","90","79","22","39","7","23","29","62","11","15","11","17","28","16","23","0","14","7","0","1","76","76","1","2","3","0","0","0","0","0","0","0","3","1","5","6","0","0","0","0","0","0","0","6"
"4528331","2877923","350","20","37","11","23","31","60","14","19","5","18","23","14","25","0","16","2","5","1","81","87","35","59","3","10","38","69","15","23","8","21","29","12","23","0","12","8","1","5","93","94","0","0","0","0","0","0","0","0","0","0","0","0","0","0","0","1","0","0","0","0","0","0"
"4528325","2877927","150","21","50","1","13","22","63","10","16","11","17","28","9","23","0","17","6","1","3","35","55","22","37","12","22","34","59","22","29","8","32","40","21","20","0","11","10","4","0","134","102","1","1","2","0","0","0","1","0","0","0","1","0","3","3","0","0","0","0","0","0","0","3"
"4530541","2877929","0","31","59","8","19","39","78","10","10","14","31","45","20","19","0","11","9","1","2","121","96","17","42","10","26","27","68","10","20","12","22","34","15","15","0","14","6","2","1","66","74","3","2","5","0","0",NULL,"2","0","0",NULL,"3","3","0","3","0","0",NULL,"0","0","0",NULL,"3"
"4529915","2877931","300","31","49","3","10","34","59","13","18","4","24","28","18","17","0","10","8","2","1","100","84","12","30","11","30","23","60","12","14","8","19","27","13","19","0","14","2","1","2","59","69","0","0","0","0","0","0","3","0","0","0","-3","0","0","0","0","0","0","0","0","0","0","0"
"4533281","2877935","700","20","43","6","22","26","65","12","19","18","27","45","17","25","0","23","6","7","1","76","70","17","49","8","13","25","62","23","29","12","23","35","15","19","0","15","13","1","7","87","81","2","3","5","0","0","0","0","0","0","0","5","1","0","1","0","0","0","0","1","0","0","2"
"4536613","2877937","100","15","29","12","32","27","61","15","21","10","27","37","10","24","0","20","7","1","1","76","81","25","48","6","19","31","67","25","29","10","23","33","6","21","0","15","8","1","1","86","93","0","0","0","0","0",NULL,"1","0","0",NULL,"-1","0","1","1","0","0",NULL,"0","0","0",NULL,"1"
"4535389","2877941","900","21","40","11","28","32","68","25","30","10","26","36","17","21","0","13","13","3","3","115","100","27","50","4","16","31","66","14","25","16","25","41","18","23","0","20","7","3","3","83","80","2","4","6","0","0","0","0","0","0","0","6","2","2","4","0","0","0","0","0","0","0","4"
"4536267","2877943","350","25","46","6","16","31","62","30","34","9","28","37","13","23","0","17","4","0","2","100","98","26","44","9","28","35","72","24","32","8","22","30","11","28","0","8","6","2","0","99","103","0","0","0","0","0","0","0","0","0","0","0","0","0","0","0","1","0","1","0","0","0","-1"
"4537675","2877947","900","26","43","7","21","33","64","14","20","13","16","29","18","21","0","13","11","0","0","95","87","23","38","7","17","30","55","11","12","9","18","27","10","20","0","21","7","0","0","75","78","0","0","0","0","0","0","0","1","0","0","1","0","0","0","0","0","0","0","0","0","0","0"
"4537679","2877949","600","15","46","11","25","26","71","18","28","16","21","37","16","22","0","12","12","4","0","83","81","22","44","8","15","30","59","20","25","7","34","41","11","22","0","19","4","1","0","92","88","3","1","4","0","0","0","0","0","0","0","4","0","3","3","0","0","0","0","0","0","0","3"
"4539301","2877953","900","17","34","7","27","24","61","18","19","10","28","38","16","19","0","13","9","0","0","85","73","16","42","4","13","20","55","18","24","9","25","34","12","21","0","12","6","0","0","61","62","1","0","1","0","0","0","0","0","0","0","1","2","2","4","0","0","0","0","0","0","0","4"
"4539303","2877955","350","20","46","8","21","28","67","10","16","12","12","24","13","23","0","9","5","0","6","62","74","31","45","6","15","37","60","19","28","12","26","38","15","18","0","14","4","6","0","116","99","0","0","0","0","0","0","1","0","0","0","-1","0","0","0","0","0","0","0","0","0","0","0"
"4542455","2877959","400","26","52","7","17","33","69","21","29","19","30","49","18","21","0","18","11","3","1","113","94","22","41","4","16","26","57","23","26","4","19","23","9","24","0","19","12","1","3","71","79","1","1","2","0","0","0","0","3","0","0","5","0","0","0","0","0","0","1","1","0","0","0"
"4541625","2877961","350","33","54","5","20","38","74","29","35","11","21","32","22","20","0","8","9","2","4","125","110","25","42","5","17","30","59","17","21","5","26","31","15","22","0","18","3","4","2","84","82","0","0","0","0","0","0","0","0","0","0","0","0","0","0","0","0","0","0","0","0","0","0"
"4544045","2877965","300","16","43","7","19","23","62","12","20","12","20","32","10","16","0","16","1","2","2","47","65","25","45","10","22","35","67","12","16","10","26","36","10","20","0","11","7","2","2","100","92","0","0","0","0","0",NULL,"0","0","0",NULL,"0","0","0","0","0","0",NULL,"1","0","0",NULL,"-1"
"4544071","2877967","250","18","38","10","23","28","61","23","33","8","21","29","15","26","0","16","6","4","1","84","89","29","56","3","14","32","70","18","25","12","18","30","13","26","0","13","6","1","4","77","85","0","0","0","0","0","0","0","0","0","0","0","0","0","0","0","0","0","0","0","0","0","0"
"4545579","2877971","300","37","53","9","19","46","72","11","13","6","21","27","28","22","0","6","11","2","6","146","112","23","48","7","14","30","62","16","23","9","15","24","13","14","0","15","8","6","2","80","83","0","0","0","0","0","0","0","0","0","0","0","0","0","0","0","0","0","0","0","0","0","0"
"4545577","2877973","800","26","47","5","13","31","60","21","30","5","35","40","23","15","0","11","10","3","2","115","88","13","41","9","23","22","64","10","11","6","27","33","14","28","0","18","7","2","3","58","63","1","2","3","0","0","0","0","0","0","0","3","0","3","3","0","0","0","1","0","0","0","2"
"4551101","2877977","0","18","40","13","25","31","65","11","15","9","24","33","18","18","0","15","8","3","1","95","86","27","43","8","19","35","62","11","16","5","28","33","17","14","0","15","12","1","3","105","89","1","2","3","0","0",NULL,"0","4","0",NULL,"7","0","1","1","0","0",NULL,"1","2","0",NULL,"2"
"4547023","2877979","50","31","43","13","22","44","65","14","17","11","23","34","25","14","0","13","11","2","3","150","115","16","39","9","22","25","61","8","10","12","4","16","13","18","0","17","7","3","2","51","67","0","0","0","0","0","0","1","0","0","0","-1","0","0","0","0","0","0","0","0","0","0","0"
"4528373","2877983","900","14","39","4","19","18","58","13","17","15","23","38","8","12","0","17","7","2","3","47","53","21","36","10","27","31","63","5","9","8","29","37","18","20","0","13","8","3","2","94","77","1","3","4","0","0",NULL,"0","0","0",NULL,"4","2","3","5","0","0",NULL,"1","0","0",NULL,"4"
"4528311","2877985","650","26","53","7","22","33","75","8","14","18","20","38","19","24","0","16","12","1","0","87","81","21","33","3","15","24","48","20","26","6","27","33","11","16","0","24","10","5","0","76","71","1","3","4","0","1","0","0","0","0","0","4","0","4","4","0","1","0","0","0","0","0","4"
"4528645","2877987","1350","24","37","8","26","32","63","16","23","9","23","32","19","16","0","5","12","3","0","111","88","23","39","5","20","28","59","9","15","12","25","37","12","19","0","18","6","0","3","70","70","2","2","4","0","0","0","0","4","0","0","8","2","5","7","0","0","0","2","2","0","0","7"
"4530597","2877989","800","20","38","10","24","30","62","21","28","9","26","35","20","20","0","13","6","1","1","101","91","26","41","6","21","32","62","8","12","5","25","30","17","26","0","16","8","1","1","84","78","1","1","2","0","0","0","0","0","0","0","2","2","1","3","0","0","0","1","0","0","0","2"
"4530607","2877991","450","20","38","4","23","24","61","9","12","8","18","26","17","22","0","16","7","3","4","58","61","29","42","4","18","33","60","16","19","10","30","40","21","17","0","16","9","4","3","114","86","0","1","1","0","0","0","0","0","0","0","1","1","4","5","0","0","0","0","0","0","0","5"
"4530341","2877993","600","14","36","12","19","26","55","8","12","10","22","32","16","22","0","15","4","1","3","77","72","22","44","5","17","27","61","19","27","12","21","33","15","16","0","10","10","3","1","87","78","6","1","7","0","2","0","0","0","0","0","7","2","0","2","0","0","0","2","0","0","0","0"
"4532199","2877995","600","35","46","5","16","40","62","10","15","11","30","41","34","21","0","9","9","5","1","148","95","10","28","7","25","17","53","11","16","6","13","19","10","18","0","16","6","1","5","31","52","0","0","0","0","0","0","1","0","0","0","-1","0","2","2","0","0","0","3","4","0","0","3"
"4531377","2877997","1650","33","51","9","22","42","73","13","19","5","20","25","28","23","0","20","20","5","2","127","106","29","49","11","30","40","79","20","23","18","28","46","18","18","0","22","17","2","5","130","111","0","1","1","0","0","0","0","5","0","0","6","4","2","6","0","0","0","0","6","0","0","12"
"4531379","2877999","600","20","33","3","15","23","48","19","23","7","26","33","9","18","0","20","5","1","1","67","68","18","33","11","30","29","63","11","17","7","20","27","13","22","0","14","8","1","1","75","80","0","5","5","0","0",NULL,"0","0","0",NULL,"5","0","1","1","0","0",NULL,"2","0","0",NULL,"-1"
"4534347","2878001","800","15","35","11","24","26","59","11","17","13","24","37","13","15","0","20","9","0","1","74","74","16","34","12","25","28","59","13","17","7","20","27","14","20","0","18","8","1","0","78","81","3","2","5","0","1","0","0","0","0","0","5","1","4","5","0","0","0","0","0","0","0","5"
"4534349","2878003","800","28","57","0","6","28","63","11","11","12","28","40","11","19","0","13","7","3","7","80","67","19","42","8","24","27","66","14","19","14","22","36","15","18","0","9","4","7","3","85","76","1","2","3","0","0",NULL,"0","0","0",NULL,"3","2","0","2","0","0",NULL,"0","0","0",NULL,"2"
"4534077","2878005","700","19","42","9","27","28","69","24","34","19","29","48","14","22","0","22","7","3","3","88","89","18","39","11","27","29","66","18","25","10","26","36","11","28","0","17","7","3","3","83","87","6","1","7","0","0","0","0","0","0","0","7","3","0","3","0","0","0","3","0","0","0","0"
"4536929","2878007","500","29","47","7","25","36","72","10","11","11","22","33","16","30","0","8","7","4","3","104","89","18","41","10","21","28","62","28","39","18","24","42","15","18","0","10","3","3","4","102","94","1","1","2","0","0","0","2","0","0","0","0","3","1","4","0","0","0","1","0","0","0","3"
"4536723","2878009","600","22","42","9","21","31","63","12","14","7","27","34","24","20","0","10","9","0","0","106","83","18","37","6","21","24","58","20","22","6","25","31","17","16","0","12","9","0","0","83","74","0","4","4","0","0","0","0","1","0","0","5","0","5","5","0","0","0","0","3","0","0","8"
"4536269","2878011","1100","21","33","7","16","28","49","24","29","5","24","29","14","17","0","17","3","2","1","92","87","23","47","8","20","31","67","6","16","13","14","27","16","27","0","18","8","1","2","64","76","0","1","1","0","0","0","1","0","0","0","0","1","0","1","1","0","0","1","2","0","0","3"
"4539755","2878013","700","15","38","3","19","18","57","14","17","11","30","41","7","12","0","15","5","1","2","50","53","23","45","8","21","31","66","3","6","7","29","36","18","20","0","10","11","2","1","92","73","3","2","5","0","0","0","0","0","0","0","5","1","5","6","0","0","0","0","1","0","0","7"
"4538549","2878015","0","19","40","6","17","25","57","10","19","9","26","35","15","14","0","14","7","1","0","69","66","23","43","8","20","31","63","9","11","6","23","29","19","14","0","9","9","0","1","93","79","3","3","6","0","0",NULL,"1","2","0",NULL,"7","0","0","0","0","0",NULL,"0","1","0",NULL,"1"
"4539307","2878017","800","20","46","3","22","23","68","23","27","14","17","31","11","24","0","14","9","4","5","64","72","23","34","9","21","32","55","17","21","7","30","37","14","25","0","23","6","5","4","102","90","5","1","6","0","0","0","1","0","0","0","5","0","1","1","0","0","0","2","0","0","0","-1"
"4542933","2878019","600","31","58","5","16","36","74","12","12","17","29","46","27","23","0","12","11","2","2","125","89","19","32","5","24","24","56","17","23","7","18","25","16","14","0","14","7","2","2","68","70","2","3","5","0","0","0","0","3","0","0","8","3","2","5","0","0","0","0","2","0","0","7"
"4541579","2878021","600","19","31","9","28","28","59","17","23","14","25","39","22","21","0","14","8","1","1","101","82","18","40","4","18","22","58","16","22","13","19","32","13","19","0","14","4","1","1","58","64","3","1","4","0","0","0","0","0","0","0","4","3","0","3","0","0","0","0","0","0","0","3"
"4541565","2878023","800","17","40","8","20","25","60","19","26","13","34","47","13","15","0","17","6","2","0","86","77","19","39","7","23","26","62","11","14","5","21","26","11","26","0","14","11","0","2","65","70","3","4","7","0","0","0","0","0","0","0","7","1","2","3","0","0","0","0","0","0","0","3"
"4544063","2878025","550","22","37","12","27","34","64","7","8","10","24","34","22","15","0","12","6","2","4","108","87","20","35","10","24","30","59","7","13","8","21","29","14","13","0","14","6","4","2","81","77","0","3","3","0","0",NULL,"0","0","0",NULL,"3","1","1","2","0","0",NULL,"1","0","0",NULL,"1"
"4543705","2878027","1200","12","30","8","24","20","54","16","18","8","23","31","14","18","0","15","3","3","3","64","64","19","35","12","40","31","75","8","12","18","20","38","17","22","0","7","11","3","3","96","82","2","1","3","0","1","0","0","1","0","0","4","1","1","2","0","0","0","0","1","0","0","3"
"4543699","2878029","600","24","46","7","19","31","65","23","29","10","25","35","25","21","0","13","8","3","1","110","92","21","43","6","17","27","60","17","22","7","20","27","17","24","0","13","7","1","3","78","77","0","2","2","0","0","0","0","2","0","0","4","1","0","1","0","1","0","0","0","0","0","1"
"4545653","2878031","600","14","32","10","26","24","58","17","20","10","25","35","16","22","0","15","11","3","3","88","75","11","24","10","26","21","50","13","15","5","25","30","17","23","0","20","6","3","3","70","65","4","2","6","0","0","0","0","0","0","0","6","0","1","1","0","0","0","0","0","0","0","1"
"4545981","2878033","800","22","36","11","30","33","66","9","12","8","20","28","17","15","0","15","10","2","3","92","86","26","40","6","18","32","58","9","11","6","26","32","14","16","0","21","6","3","2","85","79","0","1","1","0","0","0","1","0","0","0","0","2","5","7","0","0","0","0","0","0","0","7"
"4545591","2878035","650","23","49","8","20","31","69","13","22","12","19","31","14","19","0","16","11","4","1","80","83","30","46","7","17","37","63","6","12","9","27","36","21","20","0","18","10","3","3","107","87","3","2","5","0","0","0","1","0","0","0","4","2","3","5","0","1","0","0","0","0","0","5"
"4548611","2878037","0","22","35","7","22","29","57","13","19","8","24","32","18","15","0","12","11","3","1","96","78","23","42","6","23","29","65","12","17","12","22","34","12","23","0","15","9","1","3","76","76","0","4","4","0","0","0","2","1","0","0","3","1","2","3","0","0","0","0","1","0","0","4"
"4548479","2878039","0","22","39","6","25","28","64","13","21","9","19","28","18","15","0","12","7","2","1","74","75","16","36","14","25","30","61","10","15","12","30","42","18","20","0","16","7","1","2","100","84","1","1","2","0","0",NULL,"0","3","0",NULL,"5","1","4","5","0","0",NULL,"0","1","0",NULL,"6"
"4548473","2878041","600","18","32","9","26","27","58","25","36","10","20","30","20","26","0","11","6","1","3","92","88","25","43","6","16","31","59","29","33","10","27","37","17","24","0","10","5","3","1","117","97","1","0","1","0","1","0","1","0","0","0","0","0","2","2","0","0","0","0","0","0","0","2"
"4550869","2891069","600","27","43","2","13","29","56","21","27","9","24","33","16","18","0","14","11","4","2","98","81","24","44","4","19","28","63","10","16","14","23","37","13","25","0","16","11","3","4","77","70","0","1","1","0","0","0","0","5","0","0","6","1","0","1","0","0","0","0","2","0","0","3"
"4550941","2891071","1500","17","37","5","20","22","57","18","27","14","24","38","9","23","0","17","8","2","1","63","67","26","38","6","23","32","61","14","28","12","26","38","19","25","0","12","8","1","2","95","84","5","0","5","0","0","0","0","0","0","0","5","5","4","9","0","0","0","0","0","0","0","9"
"4550969","2891073","600","21","38","10","27","31","65","18","21","12","20","32","17","32","0","11","3","1","0","95","90","22","38","7","16","29","54","31","39","9","23","32","13","21","0","9","4","0","1","103","96","3","3","6","0","0","0","1","0","0","0","5","2","2","4","0","0","0","1","0","0","0","3"
"4550913","2891075","1750","22","38","10","24","32","62","8","13","13","29","42","18","18","0","16","6","3","2","100","82","18","34","6","21","24","55","12","20","6","18","24","15","16","0","9","14","2","3","73","66","1","0","1","0","0","0","0","2","0","0","3","1","1","2","0","0","0","0","8","0","0","10"
"4551697","2891077","600","24","39","8","17","32","56","15","23","8","34","42","27","16","0","9","6","7","1","128","87","16","41","7","18","23","59","11","14","4","22","26","10","25","0","16","8","1","7","54","64","0","3","3","0","0","0","0","3","0","0","6","1","2","3","0","0","0","0","1","0","0","4"
"4551717","2891079","1000","26","46","8","22","34","68","11","22","14","24","38","14","18","0","9","4","4","0","93","87","23","43","3","19","26","62","7","11","10","27","37","12","21","0","18","5","0","4","58","62","1","1","2","0","1","0","0","0","0","0","2","1","3","4","0","0","0","1","0","0","0","3"
"4551721","2891081","1500","22","43","4","24","26","67","22","31","11","18","29","14","31","0","14","12","0","1","69","78","25","38","2","14","27","52","29","36","7","33","40","12","28","0","20","7","0","0","92","85","0","4","4","0","0","0","0","0","0","0","4","1","1","2","0","0","0","1","0","0","0","1"
"4551701","2891083","1650","13","33","12","22","25","55","8","12","5","23","28","17","17","0","17","11","4","3","79","70","26","46","6","15","32","61","14","19","10","26","36","16","13","0","12","8","3","4","101","84","1","0","1","0","0","0","3","1","0","0","-1","0","1","1","0","0","0","0","1","0","0","2"
"4552171","2891085","400","15","38","7","21","22","59","12","21","11","22","33","15","24","0","16","5","1","2","55","63","19","36","4","20","23","56","21","23","11","26","37","9","21","0","15","6","2","1","75","71","3","0","3","0","0","0","1","0","0","0","2","1","3","4","0","0","0","1","0","0","0","3"
"4552173","2891087","2200","12","33","11","33","23","66","6","10","12","26","38","11","24","0","15","6","1","1","57","63","17","30","7","23","24","53","13","24","9","26","35","11","17","0","14","8","1","1","69","68","0","4","4","0","0","0","1","0","0","0","3","0","2","2","0","0","0","1","0","0","0","1"
"4552179","2891089","1000","17","37","2","17","19","54","17","24","12","29","41","5","18","0","16","11","5","1","61","57","17","33","8","31","25","64","13","15","10","26","36","16","21","0","13","8","1","6","78","71","0","4","4","0","0","0","1","0","0","0","3","0","4","4","0","0","0","2","0","0","0","2"
"4552169","2891091","1500","14","25","13","29","27","54","12","17","8","25","33","20","18","0","19","6","3","2","90","79","19","32","7","23","26","55","10","15","4","19","23","16","20","0","15","12","2","3","73","69","2","0","2","0","0",NULL,"1","0","0",NULL,"1","0","3","3","0","0",NULL,"3","1","0",NULL,"1"
"4552645","2891095","1800","31","49","5","16","36","65","24","29","14","24","38","16","30","0","17","5","0","3","109","101","21","34","12","29","33","63","24","35","9","17","26","18","25","0","11","8","3","0","105","102","3","3","6","0","0","0","2","0","0","0","4","1","0","1","0","0","0","1","0","0","0","0"
"4552635","2891097","1000","15","39","10","24","25","63","12","19","16","20","36","9","21","0","14","5","1","6","64","72","15","30","11","25","26","55","17","19","10","24","34","12","22","0","15","7","6","1","93","80","1","2","3","0","0","0","0","0","0","0","3","2","4","6","0","0","0","3","0","0","0","3"
"4552641","2891099","1750","13","29","2","25","15","54","12","16","9","28","37","11","20","0","13","3","1","2","40","44","14","36","6","20","20","56","19","23","8","29","37","10","19","0","6","6","2","1","74","65","3","1","4","0","0",NULL,"0","2","0",NULL,"6","1","4","5","0","0",NULL,"0","0","0",NULL,"5"
"4553675","2891105","1300","17","34","7","19","24","53","14","17","8","27","35","15","19","0","12","5","3","1","83","69","16","35","6","20","22","55","15","24","12","20","32","9","17","0","11","5","1","3","59","65","2","1","3","0","0","0","1","1","0","0","3","1","1","2","0","0","0","0","1","0","0","3"
"4553693","2891107","2000","14","38","6","23","20","61","15","20","18","21","39","9","26","0","15","10","6","1","64","61","17","38","6","14","23","52","19","25","9","24","33","13","22","0","14","10","1","5","79","71","1","1","2","0","0","0","0","1","0","0","3","4","1","5","0","0","0","0","2","0","0","7"
"4549885","2891231","0","21","42","5","16","26","58","12","15","8","23","31","15","18","0","12","4","1","1","73","69","11","26","11","26","22","52","16","21","6","23","29","12","17","0","8","5","1","1","75","71","0","0","0","0","0",NULL,"3","0","0",NULL,"-3","0","0","0","0","0",NULL,"1","0","0",NULL,"-1"
"4551613","2891233","0","22","40","9","21","31","61","12","13","4","21","25","13","18","0","10","6","3","1","89","83","22","41","6","15","28","56","16","19","6","25","31","12","15","0","12","5","1","3","84","78","0","2","2","0","0","0","0","1","0","0","3","0","4","4","1","0","0","0","2","0","0","7"
"4552039","2892179","0","17","26","10","29","27","55","14","22","9","15","24","14","18","0","3","2","0","0","79","78","18","31","10","17","28","48","14","18","4","20","24","22","17","0","8","0","0","0","94","80","0","0","0","0","0","0","0","0","0","0","0","0","0","0","0","0","0","0","0","0","0","0"
"4552247","2892181","0","17","37","10","25","27","62","21","22","9","25","34","18","25","0","9","5","1","4","98","85","19","36","6","32","25","68","20","29","17","20","37","9","21","0","11","5","4","1","68","76","0","0","0","0","0","0","0","0","0","0","0","0","0","0","0","1","0","2","0","0","0","-2"
"4553287","2892183","0","15","36","9","25","24","61","15","27","11","20","31","18","14","0","2","3","3","0","76","72","19","36","8","17","27","53","9","10","4","28","32","22","26","0","10","1","0","0","89","71","0","0","0","0","0",NULL,"0","0","0",NULL,"0","0","0","0","0","0",NULL,"0","0","0",NULL,"0"
"4554209","2892185","0","21","46","5","15","26","61","16","20","7","23","30","17","24","0","17","6","3","1","73","73","21","42","7","23","28","65","16","22","9","27","36","2","19","0","13","7","1","3","69","79","0","0","0","0","0",NULL,"1","0","0",NULL,"-1","0","0","0","0","0",NULL,"2","0","0",NULL,"-2"
"4554059","2894873","600","25","39","8","26","33","65","11","12","10","27","37","24","16","0","13","6","4","0","110","85","19","44","4","16","23","60","17","21","13","23","36","8","20","0","15","7","0","4","62","67","0","2","2","0","0","0","0","2","0","0","4","1","2","3","0","0","0","0","2","0","0","5"
"4554053","2894875","1200","23","45","3","16","26","61","7","11","11","30","41","13","14","0","19","6","2","2","66","62","15","32","8","31","23","63","6","8","8","26","34","13","19","0","14","13","2","2","66","60","1","4","5","0","0","0","0","0","0","0","5","2","2","4","0","0","0","0","0","0","0","4"
"4554445","2894877","600","19","37","14","28","33","65","17","23","10","30","40","24","14","0","9","9","5","2","128","97","18","39","12","27","30","66","4","6","7","25","32","20","19","0","13","7","2","5","86","76","0","5","5","0","0",NULL,"0","1","0",NULL,"6","1","0","1","0","0",NULL,"0","0","0",NULL,"1"
"4554449","2894879","1300","23","42","5","22","28","64","13","23","17","19","36","14","15","0","14","7","1","1","72","74","17","24","16","38","33","62","6","7","9","20","29","22","24","0","13","9","1","1","106","88","0","1","1","0","0","0","0","0","0","0","1","2","6","8","0","0","0","0","0","0","0","8"
"4554797","2894881","1200","27","50","3","20","30","70","14","23","16","24","40","14","20","0","6","5","4","1","85","77","22","41","7","20","29","61","13","16","8","25","33","9","18","0","10","5","1","4","81","78","0","0","0","0","0",NULL,"0","0","0",NULL,"0","3","2","5","0","0",NULL,"1","0","0",NULL,"4"
"4554795","2894883","1400","25","35","8","23","33","58","5","12","4","22","26","16","22","0","10","6","2","2","87","79","22","42","5","17","27","59","18","24","8","24","32","16","18","0","10","6","2","2","85","77","1","1","2","0","0","0","0","0","0","0","2","1","2","3","0","0","0","0","2","0","0","5"
"4555041","2894887","1200","11","25","9","29","20","54","9","11","6","27","33","12","20","0","16","6","5","1","62","58","24","44","3","23","27","67","12","15","13","24","37","10","13","0","11","12","1","5","75","69","0","0","0","0","0","0","0","1","0","0","1","3","1","4","0","0","0","0","1","0","0","5"
"4555265","2894891","1500","25","45","4","19","29","64","16","21","13","25","38","13","19","0","12","7","1","1","85","78","19","33","6","27","25","60","9","14","9","24","33","7","23","0","14","6","1","1","58","65","2","1","3","0","0","0","0","0","0","0","3","1","4","5","0","0","0","0","0","0","0","5"
"4555627","2896433","0","27","50","8","23","35","73","15","21","13","25","38","22","16","0","6","12","0","2","115","93","25","38","5","18","30","56","19","24","3","28","31","14","14","0","16","6","2","0","90","84","0","1","1","0","0","0","0","3","0","0","4","0","2","2","0","1","0","0","1","0","0","3"
